customer_tweet_id,customer_id,customer_message,brand_response,customer_created_at,intent,expected_escalation,difficulty,notes
328518,194328,@AppleSupport mom got an email from this address and opened it. It's in German. She's convinced it's real. #spam https\://t.co/T293nXTRwp,"@194328 For help with suspicious emails, check this out: https\://t.co/LNMCdqt6fD",Sat Oct 07 15:00:52 +0000 2017,security_phishing_issue,True,medium,Evaluation label prepared with assistant-assisted review against the AppleSupport 14-intent taxonomy; escalation reflects whether the issue requires human/account-specific handling.
1533802,285569,@115858 @AppleSupport  IM SO FUCKING SICK OF MY PHONE PLAYING UP EVERY TIME A NEW ONE COMES OUT IVE NOT EVEN HAD THIS ONE FOR A YEAR YET,@285569 We're here to help. DM us what iOS version you're on and we'll help. https\://t.co/GDrqU22YpT,Fri Nov 03 19:31:55 +0000 2017,device_performance_issue,False,medium,Evaluation label prepared with assistant-assisted review against the AppleSupport 14-intent taxonomy; escalation reflects whether the issue requires human/account-specific handling.
539873,245206,@AppleSupport just bought an album. Keeps saying item is not available when I try to play it in Music. It won’t let download it either.,"@245206 We'd like to help you enjoy the music you purchased. What happens when you try to download the album?Also, which iOS version are you running?",Sat Dec 02 05:29:21 +0000 2017,app_or_media_issue,False,medium,Evaluation label prepared with assistant-assisted review against the AppleSupport 14-intent taxonomy; escalation reflects whether the issue requires human/account-specific handling.
2039356,527095,I did exactly that @AppleSupport yet ..... or do you want me to throwaway my iPhone 7 and get the X? I’m not understanding anything again https\://t.co/dszcLP2lZF,@527095 We'd like to look into this with you. DM which iOS version you're on with the following link and we'll help there. https\://t.co/GDrqU22YpT,Tue Nov 07 18:07:32 +0000 2017,general_or_unclear,True,hard,Evaluation label prepared with assistant-assisted review against the AppleSupport 14-intent taxonomy; escalation reflects whether the issue requires human/account-specific handling.
1527759,474361,MY I️ ISNT WORKING APPLE (eye but the single letter) @115858 @AppleSupport,@474361 Let's meet up in DM to discuss that further for you today. Here's a link: https\://t.co/GDrqU22YpT,Fri Nov 03 18:04:00 +0000 2017,keyboard_input_issue,False,easy,Evaluation label prepared with assistant-assisted review against the AppleSupport 14-intent taxonomy; escalation reflects whether the issue requires human/account-specific handling.
620144,267186,@AppleSupport My iPhone..it keeps wanting me to put my password in for my exchange account then it says it’s wrong. I can’t even reset it through my actual email website.,@267186 Understood. Have you tried reaching out to your email service provider since you're having issues with their website as well?,Wed Nov 22 17:27:14 +0000 2017,apple_id_icloud_issue,True,medium,Evaluation label prepared with assistant-assisted review against the AppleSupport 14-intent taxonomy; escalation reflects whether the issue requires human/account-specific handling.
249331,175239,@AppleSupport put all my PICTURES AND SHIT BACK,"@175239 Hi. Photos are an extremely important part of why we use our mobile devices. We'd absolutely love to help with direction or a resolution on this concern. If you use iCloud Photo, did you refresh your connection? Send us a DM and let us know. https\://t.co/GDrqU22YpT",Sat Nov 25 02:16:10 +0000 2017,apple_id_icloud_issue,True,medium,Evaluation label prepared with assistant-assisted review against the AppleSupport 14-intent taxonomy; escalation reflects whether the issue requires human/account-specific handling.
1962797,581996,@AppleSupport  extremely frustrating (and coincidental??) that my phone slows way down with the new updates...since the NEW phones are out🤬,@581996 We want to help with your iPhone. Please DM us details on what app is in use when this slow down occurs. We'll work there. https\://t.co/GDrqU22YpT,Mon Oct 30 19:39:01 +0000 2017,software_update_issue,False,medium,Evaluation label prepared with assistant-assisted review against the AppleSupport 14-intent taxonomy; escalation reflects whether the issue requires human/account-specific handling.
2623623,741179,Please @115858 @AppleSupport @116333 @123857 @119462 Repair the way @12228 show the released date app. Thank you https\://t.co/JUjDyD5ZTs,@741179 We're happy to look into this with you. Send us a DM and we'll gather some information to get us started. https\://t.co/GDrqU22YpT,Sun Oct 08 18:17:28 +0000 2017,product_feature_question,False,medium,Evaluation label prepared with assistant-assisted review against the AppleSupport 14-intent taxonomy; escalation reflects whether the issue requires human/account-specific handling.
2774315,775345,"@AppleSupport Yeah, I did that. However, the map was not edited to reflect my (correct) feedback. How do I make sure the map does get changed?","@775345 We always welcome feedback on our products and software, and you can leave that feedback here: https\://t.co/eTPVYVFyd8",Tue Nov 21 17:36:57 +0000 2017,product_feature_question,False,medium,Evaluation label prepared with assistant-assisted review against the AppleSupport 14-intent taxonomy; escalation reflects whether the issue requires human/account-specific handling.
1763713,530604,@AppleSupport hi there my iPhone has been disabled.,"@530604 If your device is disabled due to a forgotten passcode, take a look here on what to do: https\://t.co/F1QfwW1u1N",Tue Nov 07 19:56:40 +0000 2017,general_or_unclear,True,hard,Evaluation label prepared with assistant-assisted review against the AppleSupport 14-intent taxonomy; escalation reflects whether the issue requires human/account-specific handling.
1786835,451464,Hey @118721 it would be nice if you stopped getting my wife's debit card hacked. @AppleSupport why does this keep happening?,"@451464 Thanks for reaching out. If you're getting unauthorized billing notices, contact our iTunes Store group: https\://t.co/SDIe7UiyJN",Tue Oct 17 23:32:39 +0000 2017,security_phishing_issue,True,medium,Evaluation label prepared with assistant-assisted review against the AppleSupport 14-intent taxonomy; escalation reflects whether the issue requires human/account-specific handling.
326661,193837,@AppleSupport Just got an iPhone 8. So it would be iOS 11. Thanks!,@193837 What happens when you try to send a video? Do you get any error messages?,Sun Oct 01 03:28:04 +0000 2017,general_or_unclear,True,medium,Evaluation label prepared with assistant-assisted review against the AppleSupport 14-intent taxonomy; escalation reflects whether the issue requires human/account-specific handling.
928040,340196,@AppleSupport Thanks for replying. I’m using iPhone 6s and iOS 11.0.2.,@340196 You're so welcome! There have been a few changes with iOS 11. Let's move over to DM so we can help. https\://t.co/GDrqU22YpT,Fri Oct 13 22:10:24 +0000 2017,general_or_unclear,True,medium,Evaluation label prepared with assistant-assisted review against the AppleSupport 14-intent taxonomy; escalation reflects whether the issue requires human/account-specific handling.
794547,309445,@AppleSupport Thank you for responding! I've now been notified to update to the iOS 11.0.3 - will be in touch if the issues still occur post-update.,@309445 You're welcome.  Let us know how it goes.,Thu Oct 12 14:27:44 +0000 2017,general_or_unclear,True,medium,Evaluation label prepared with assistant-assisted review against the AppleSupport 14-intent taxonomy; escalation reflects whether the issue requires human/account-specific handling.
1773730,202812,@AppleSupport Does Apple no longer sell a wired USB keyboard??,@202812 Hi! Great question. Our Online Sales Team can help out with keyboards. Reach them here: https\://t.co/8yjRd1Xo0i,Wed Nov 08 00:53:24 +0000 2017,order_sales_issue,True,easy,Evaluation label prepared with assistant-assisted review against the AppleSupport 14-intent taxonomy; escalation reflects whether the issue requires human/account-specific handling.
2771772,206342,"@AppleSupport Been told I’ve got to fly to Japan to get it fixed, seems a bit impractical","@206342 We'll be happy to explore all the options available to you. To clarify, did you purchase your iPhone in Japan? Also, what issues are you having with it? In what country are you in now?",Tue Nov 21 07:09:13 +0000 2017,warranty_repair_recycling,True,medium,Evaluation label prepared with assistant-assisted review against the AppleSupport 14-intent taxonomy; escalation reflects whether the issue requires human/account-specific handling.
1767381,531440,@AppleSupport what happened to text replacement on iPhone X? It’s not saving nor did it sync over! #iPhoneX,"@531440 Thanks for reaching out, we get the concern over replacements not working. What version number of iOS is the iPhone X on?",Tue Nov 07 21:25:58 +0000 2017,keyboard_input_issue,False,easy,Evaluation label prepared with assistant-assisted review against the AppleSupport 14-intent taxonomy; escalation reflects whether the issue requires human/account-specific handling.
1420126,450139,@AppleSupport It started with iOS 11. Thanks,@450139 Got it. Please give these steps a try and meet us in DM if the issue persists: https\://t.co/Jpr0POLgCg https\://t.co/GDrqU22YpT,Thu Nov 02 14:36:10 +0000 2017,general_or_unclear,True,hard,Evaluation label prepared with assistant-assisted review against the AppleSupport 14-intent taxonomy; escalation reflects whether the issue requires human/account-specific handling.
946675,344482,@AppleSupport Didn’t have these issues prior to installing update. I know others with same issue of phone bogging down since update,"@344482 Thanks for the details. Let's meet in DM to collect more information, please. https\://t.co/GDrqU22YpT",Sat Oct 21 22:36:09 +0000 2017,device_performance_issue,False,medium,Evaluation label prepared with assistant-assisted review against the AppleSupport 14-intent taxonomy; escalation reflects whether the issue requires human/account-specific handling.
11992,118358,@115858 @AppleSupport your latest iOS update had made my phone slower and apps like iMessage are slow to open and load.  What’s up with this?,@118358 Hi. We are here to help. What is the specific iOS version that you have?,Wed Nov 01 01:05:39 +0000 2017,software_update_issue,False,hard,Evaluation label prepared with assistant-assisted review against the AppleSupport 14-intent taxonomy; escalation reflects whether the issue requires human/account-specific handling.
2146547,631000,@AppleSupport I bought my iPhone 7 last week and it won’t stop freezing I’ve had to reset it about 6 times today already,@631000 We want you to get the most out of your new iPhone's performance. We can help. Send us a DM and we'll take it from there. https\://t.co/GDrqU22YpT,Wed Nov 08 20:45:00 +0000 2017,device_performance_issue,False,easy,Evaluation label prepared with assistant-assisted review against the AppleSupport 14-intent taxonomy; escalation reflects whether the issue requires human/account-specific handling.
541132,245531,@230273 @AppleSupport Thanks!,"@245531 Thank you for reaching out. If your device with iOS 11 unexpectedly restarts repeatedly on or after December 2, 2017, this article will walk you through a solution:

https\://t.co/osZOKKTalm

As with any update, we also recommend backing up your iPhone first.",Sat Dec 02 06:01:39 +0000 2017,general_or_unclear,True,hard,Evaluation label prepared with assistant-assisted review against the AppleSupport 14-intent taxonomy; escalation reflects whether the issue requires human/account-specific handling.
2981642,578440,@AppleSupport still no haptic feedback on iPhone keyboard 📱 after new update. ??? Has this been disabled.,@578440 Let's have a closer look. Please DM us. https\://t.co/GDrqU22YpT,Tue Oct 31 20:45:21 +0000 2017,keyboard_input_issue,True,easy,Evaluation label prepared with assistant-assisted review against the AppleSupport 14-intent taxonomy; escalation reflects whether the issue requires human/account-specific handling.
1954674,529422,@AppleSupport I’m on the latest version and I just got my 7 a few months ago. This has happened with the last two phones now and I’m not the only one.,@529422 Try any steps you haven't already tried from here: https\://t.co/XlmCP2gCtj Keep us posted.,Mon Oct 30 11:32:15 +0000 2017,general_or_unclear,True,hard,Evaluation label prepared with assistant-assisted review against the AppleSupport 14-intent taxonomy; escalation reflects whether the issue requires human/account-specific handling.
427833,216741,@AppleSupport @115858 the battery life of my 6S is horrendous after iOS https\://t.co/t4CyQ5ZBMd REALLY need to address this ASAP,@216741 We're here for you and would like to help. Let's meet up via DM to gather some more details. https\://t.co/GDrqU22YpT,Tue Oct 10 06:10:09 +0000 2017,device_performance_issue,False,easy,Evaluation label prepared with assistant-assisted review against the AppleSupport 14-intent taxonomy; escalation reflects whether the issue requires human/account-specific handling.
42621,125419,@AppleSupport 11.1. Happening on my iPad as well so version number.,@125419 Let's move to DM for a closer look. Does it happen in all apps or only particular ones? https\://t.co/GDrqU22YpT,Wed Nov 01 15:51:58 +0000 2017,general_or_unclear,True,hard,Evaluation label prepared with assistant-assisted review against the AppleSupport 14-intent taxonomy; escalation reflects whether the issue requires human/account-specific handling.
1705374,516901,@516902 @115858 @AppleSupport this has been fucking me up all day,@516901 Here’s what you can do to work around the issue until it’s fixed in a future software update: https\://t.co/xXaXeeSRt9,Mon Nov 06 21:05:27 +0000 2017,general_or_unclear,True,hard,Evaluation label prepared with assistant-assisted review against the AppleSupport 14-intent taxonomy; escalation reflects whether the issue requires human/account-specific handling.
2242117,653673,@AppleSupport These messages are invisibles ...my iPhone sends that automatically. But my number is not registered by iMessage,@653673 Please let us know which device and iOS version you’re using in DM. Your version can be located by navigating to Settings &gt; General &gt; About. https\://t.co/GDrqU22YpT,Fri Nov 10 22:08:30 +0000 2017,apple_id_icloud_issue,False,medium,Evaluation label prepared with assistant-assisted review against the AppleSupport 14-intent taxonomy; escalation reflects whether the issue requires human/account-specific handling.
590926,259785,@AppleSupport love my iPhone X. But the new live wallpapers are stutter so much :/ plan on releasing an update where they don’t?,@259785 We'd be happy to look into this with you. DM us and we'll get started there. https\://t.co/GDrqU22YpT,Sun Dec 03 15:48:37 +0000 2017,app_or_media_issue,False,easy,Evaluation label prepared with assistant-assisted review against the AppleSupport 14-intent taxonomy; escalation reflects whether the issue requires human/account-specific handling.
286211,184189,Getting distorted outgoing Voice msg quality w the last update to #iPhone &amp; #WhatsApp @4305 @AppleSupport Bluetooth is off but sounds on,@184189 Let's team up to figure out the best path forward. Reach out via DM and we'll take a look. https\://t.co/GDrqU22YpT,Tue Oct 03 19:24:37 +0000 2017,app_or_media_issue,False,medium,Evaluation label prepared with assistant-assisted review against the AppleSupport 14-intent taxonomy; escalation reflects whether the issue requires human/account-specific handling.
554720,249473,@2531 @AppleSupport        I just got a new iPhone but when my sister transferred my media and everything else to this new phone EVERYTHING GOT DELETED and I’m so upset I lost everything 😭,@249473 We want all of your information to be transferred to your new iPhone. Did your sister follow the steps here to restore a backup: https\://t.co/OZqPAHfBRU Let us know.,Sat Dec 02 18:13:03 +0000 2017,apple_id_icloud_issue,True,hard,Evaluation label prepared with assistant-assisted review against the AppleSupport 14-intent taxonomy; escalation reflects whether the issue requires human/account-specific handling.
829125,317438,@AppleSupport Yes but it isn’t charged at all.... still ok to charge and use it?,"@317438 Correct. Charge the device to 100% and use as normal. If you experience any unexpected behavior, let us know.",Wed Nov 08 21:53:15 +0000 2017,hardware_accessory_issue,True,medium,Evaluation label prepared with assistant-assisted review against the AppleSupport 14-intent taxonomy; escalation reflects whether the issue requires human/account-specific handling.
740616,297128,Hey @AppleSupport can you message me I have a question about updating my IOS,@297128 We'd be happy to answer! Send us a DM using this link: https\://t.co/GDrqU22YpT,Fri Oct 06 19:39:13 +0000 2017,software_update_issue,False,easy,Evaluation label prepared with assistant-assisted review against the AppleSupport 14-intent taxonomy; escalation reflects whether the issue requires human/account-specific handling.
148245,149728,@115858 @AppleSupport If I were to buy an apple product today with student discount would I be eligible to receive the black Friday event gift card?,@149728 That's a great question. We're happy to help. You can review the terms of the Black Friday Shopping Event outlined here: https\://t.co/brShyI4VYU,Fri Nov 24 10:04:13 +0000 2017,order_sales_issue,True,medium,Evaluation label prepared with assistant-assisted review against the AppleSupport 14-intent taxonomy; escalation reflects whether the issue requires human/account-specific handling.
1629794,498856,@65298 @AppleSupport Hahaha help me!,@498856 We'd be happy to see how we can help. What's going on?,Sun Nov 05 04:41:37 +0000 2017,general_or_unclear,True,hard,Evaluation label prepared with assistant-assisted review against the AppleSupport 14-intent taxonomy; escalation reflects whether the issue requires human/account-specific handling.
2126015,626076,Who do I speak to about fixing this when there are no Genius Bar reservations in Sheffield? 😤@115858 @AppleSupport needthis sorting ASAP 😑😑😑 https\://t.co/KtpY6AP1Gv,@626076 Thanks for reaching out. DM which Mac you are using to get started. https\://t.co/GDrqU22YpT,Wed Nov 08 17:17:39 +0000 2017,warranty_repair_recycling,True,medium,Evaluation label prepared with assistant-assisted review against the AppleSupport 14-intent taxonomy; escalation reflects whether the issue requires human/account-specific handling.
2840352,789656,"@790404 @115858 @AppleSupport ¡Sí! Muchas de las funciones se han se han vuelto notablemente más lentas. Ayer le iba a tomar una foto a un bebé recién nacido, y para cuando funcionó la cámara, ya estaba haciendo su primera comunión. 😔",@789656 Let's continue the conversation in DM. https\://t.co/GDrqU22YpT,Mon Nov 27 16:35:02 +0000 2017,device_performance_issue,False,medium,Evaluation label prepared with assistant-assisted review against the AppleSupport 14-intent taxonomy; escalation reflects whether the issue requires human/account-specific handling.
2321834,672817,@AppleSupport Hello!  I did make sure all my apps were updated.  Iphone freezes during texting(I've turned off all settings) and scrolling .  It even freezes when I enter my 4 digit passcode to use my phone.  At times I reboot to unfreeze it.,@672817 Let's take this to DM so we can better assist you. https\://t.co/GDrqU22YpT,Mon Nov 13 18:47:10 +0000 2017,device_performance_issue,False,medium,Evaluation label prepared with assistant-assisted review against the AppleSupport 14-intent taxonomy; escalation reflects whether the issue requires human/account-specific handling.
1524131,473501,Seriously @AppleSupport @115858 why can’t EYE TYPE THE LETTER EYE https\://t.co/vm4KaEeem4,@473501 Help is on the way. Send us a DM to get started. https\://t.co/GDrqU22YpT,Fri Nov 03 16:45:28 +0000 2017,keyboard_input_issue,False,easy,Evaluation label prepared with assistant-assisted review against the AppleSupport 14-intent taxonomy; escalation reflects whether the issue requires human/account-specific handling.
2302684,668199,@AppleSupport Yes tried that - made an appointment!,@668199 Awesome. Don't hesitate to reach out in the future. Take care.,Sun Nov 12 19:09:01 +0000 2017,warranty_repair_recycling,True,medium,Evaluation label prepared with assistant-assisted review against the AppleSupport 14-intent taxonomy; escalation reflects whether the issue requires human/account-specific handling.
178665,174219,"@AppleSupport Also, since this update, I can no longer play music in my car. It reads media error message.",@174219 We’ve got your back. Can you start by letting us know if you are an Apple Music member via DM? https\://t.co/GDrqU22YpT,Thu Oct 05 13:01:47 +0000 2017,app_or_media_issue,False,easy,Evaluation label prepared with assistant-assisted review against the AppleSupport 14-intent taxonomy; escalation reflects whether the issue requires human/account-specific handling.
1674094,509384,@AppleSupport It doesn’t change to an I it’s just a box with a question mark in it,@509384 We'd like to take a deeper look into this with you. DM us and we'll continue. https\://t.co/GDrqU22YpT,Mon Nov 06 20:28:40 +0000 2017,keyboard_input_issue,False,easy,Evaluation label prepared with assistant-assisted review against the AppleSupport 14-intent taxonomy; escalation reflects whether the issue requires human/account-specific handling.
1800931,541127,@AppleSupport Why is my phone even worse after the last iOS update I have to charge twice a day now,@541127 We want to look into this issue with you. Send us a DM and let's begin. https\://t.co/GDrqU22YpT,Wed Oct 18 01:00:43 +0000 2017,device_performance_issue,False,easy,Evaluation label prepared with assistant-assisted review against the AppleSupport 14-intent taxonomy; escalation reflects whether the issue requires human/account-specific handling.
2552446,725007,"@AppleSupport hurry up and sort out a new update for those of us that aren’t fortunate enough to have the latest iPhone!! Fed up of BT randomly coming on, draining battery and data roaming randomly turning off.  REALLY irritating!!",@725007 We'd like to look into this with you. Send us a DM by clicking on the link below. We'll continue there. https\://t.co/GDrqU22YpT,Thu Nov 16 09:58:07 +0000 2017,connectivity_issue,False,hard,Evaluation label prepared with assistant-assisted review against the AppleSupport 14-intent taxonomy; escalation reflects whether the issue requires human/account-specific handling.
2355893,680608,"@AppleSupport Why when I delete emails from my mail app, do they reappear seconds later??",@680608 We're here for you. DM us which device you're using and we'll go from there. https\://t.co/GDrqU22YpT,Sun Nov 26 16:41:45 +0000 2017,app_or_media_issue,False,easy,Evaluation label prepared with assistant-assisted review against the AppleSupport 14-intent taxonomy; escalation reflects whether the issue requires human/account-specific handling.
1188314,399445,everything keeps freezing up and shutting off and my phone keeps restarting itself hellooooooooooo @AppleSupport,@399445 We'd love to help. DM us the specific iPhone model you're using. We can go from there. https\://t.co/GDrqU22YpT,Sun Oct 15 21:16:22 +0000 2017,device_performance_issue,False,hard,Evaluation label prepared with assistant-assisted review against the AppleSupport 14-intent taxonomy; escalation reflects whether the issue requires human/account-specific handling.
2575320,730277,Why is it that @115858 @AppleSupport can’t make my ringtones (that I paid for) work after three iOS updates? #heldhostagebyapple,"@730277 Hey, can you tell us some more details on what's going on with the ringtones? Also, were they purchased through the iTunes Store? Let us know some details and we'll do our best to help.",Thu Nov 16 19:38:49 +0000 2017,app_or_media_issue,False,easy,Evaluation label prepared with assistant-assisted review against the AppleSupport 14-intent taxonomy; escalation reflects whether the issue requires human/account-specific handling.
2784609,247210,"@AppleSupport With iMessage, texting, in notes, with any social media apps, etc. It’s the keyboard that’s the issue because anywhere I try to do an emoji, the keyboard freezes.","@247210 Thanks for letting us know. Have you tried restarting your device? If you did, does it temporarily resolve the issue before it comes back?",Tue Nov 21 18:16:49 +0000 2017,keyboard_input_issue,False,medium,Evaluation label prepared with assistant-assisted review against the AppleSupport 14-intent taxonomy; escalation reflects whether the issue requires human/account-specific handling.
1704704,516713,&amp; i just updated my phone &amp; the eye still don’t work @AppleSupport,@516713 Here’s what you can do to work around the issue until it’s fixed in a future software update: https\://t.co/xXaXeeSRt9,Mon Nov 06 20:54:19 +0000 2017,keyboard_input_issue,False,easy,Evaluation label prepared with assistant-assisted review against the AppleSupport 14-intent taxonomy; escalation reflects whether the issue requires human/account-specific handling.
90664,135630,@AppleSupport hello my iPhone is a couple of months old and has started randomly switching itself off. I’ve managed to turn it on using a power source but there’s 40% battery. Any advice?,@135630 Thanks for reaching out to us. We are always happy to help. Send us a DM so we can look into this issue with you together. https\://t.co/GDrqU22YpT,Thu Nov 30 10:48:18 +0000 2017,device_performance_issue,True,medium,Evaluation label prepared with assistant-assisted review against the AppleSupport 14-intent taxonomy; escalation reflects whether the issue requires human/account-specific handling.
2014718,595740,Hi @AppleSupport can y’all fix my keyboard I I can use the letter I️ thanks lol,@595740 Thanks for reaching out. We have a workaround for this here: https\://t.co/xXaXeeSRt9 DM us if you still need help. https\://t.co/GDrqU22YpT,Sun Nov 05 16:13:26 +0000 2017,keyboard_input_issue,False,hard,Evaluation label prepared with assistant-assisted review against the AppleSupport 14-intent taxonomy; escalation reflects whether the issue requires human/account-specific handling.
2500885,713428,"@AppleSupport @115858 instead of charging £1000+ for new phones it would be great if you could sort out your OS first! #ios11 is the worst update I’ve ever experienced! Frequent crashes, apps hanging, delayed usage, random restarts, UI issues, volume glitches, the list goes on!!🤬","@713428 If you're having issues with your iPhone, we definitely want to help. Which version of iOS is running and which iPhone model do you have? Reach out to us in DM and let us know. We look forward to hearing from you soon. https\://t.co/GDrqU22YpT",Wed Nov 15 19:11:18 +0000 2017,software_update_issue,False,hard,Evaluation label prepared with assistant-assisted review against the AppleSupport 14-intent taxonomy; escalation reflects whether the issue requires human/account-specific handling.
2140948,629576,@AppleSupport @118936 @23150 @160959 I️ I️ I️ I️ I️ I️ I️ I️ I️ I️ I️ I️ I️ I️ please help I️ I️ I️ I️ I️,@629576 Here’s what you can do to work around the issue until it’s fixed in a future software update: https\://t.co/xXaXeeSRt9,Wed Nov 08 22:34:26 +0000 2017,keyboard_input_issue,False,easy,Evaluation label prepared with assistant-assisted review against the AppleSupport 14-intent taxonomy; escalation reflects whether the issue requires human/account-specific handling.
2636962,744284,Okay. @AppleSupport when will my phone let me type regular capital i’s again?,"@744284 Thanks for reaching out! We released an update that can fix those issues for you. Please back up and then update. Here's how to back up: https\://t.co/tHicJHB57O Once complete, tap Settings &gt; General &gt; Software Update to update. Let us know the result.",Fri Nov 17 19:21:44 +0000 2017,keyboard_input_issue,False,easy,Evaluation label prepared with assistant-assisted review against the AppleSupport 14-intent taxonomy; escalation reflects whether the issue requires human/account-specific handling.
2976613,685593,@AppleSupport I upgraded my iPhone 8 to iOS 11.1.1 and it caused my iPhone to be stuck on the apple logo and keeps rebooting for ever. I searched the Internet and found out that it is a common issue. Is there a fix?,"@685593 Thanks for reaching out to us for support. That is certainly not the experience that we wanted you to have with your device, and we're going to do everything we can to help you. When you have a free moment, please DM us so that we can look into this together. https\://t.co/GDrqU22YpT",Thu Nov 16 14:31:22 +0000 2017,device_performance_issue,True,hard,Evaluation label prepared with assistant-assisted review against the AppleSupport 14-intent taxonomy; escalation reflects whether the issue requires human/account-specific handling.
2367724,683370,@AppleSupport having issues with music purchased on iTunes it will not show up on my iPod in any playlists,@683370 We've responded to your DM. Please join us there.,Mon Nov 13 23:23:02 +0000 2017,app_or_media_issue,False,easy,Evaluation label prepared with assistant-assisted review against the AppleSupport 14-intent taxonomy; escalation reflects whether the issue requires human/account-specific handling.
2548157,147360,"@AppleSupport hi, constantly try to get my artist page verified-start process, but cant get past my log in details as page always times out",@147360 We'd like to get you pointed in the right direction. DM us and we'll get started. https\://t.co/GDrqU22YpT,Mon Oct 30 09:58:41 +0000 2017,support_contact_issue,True,medium,Evaluation label prepared with assistant-assisted review against the AppleSupport 14-intent taxonomy; escalation reflects whether the issue requires human/account-specific handling.
2072715,613057,"@AppleSupport my iPhone doesn’t connect to car BT properly, battery dies quick, apps close, lag comes, calls don’t work, etc What r u doing!","@613057 Let's help you get this figured out. Follow up with us in DM. Tell us which device, and your version of iOS there. https\://t.co/GDrqU22YpT",Tue Oct 10 00:20:39 +0000 2017,device_performance_issue,False,medium,Evaluation label prepared with assistant-assisted review against the AppleSupport 14-intent taxonomy; escalation reflects whether the issue requires human/account-specific handling.
1937283,576330,@115948 @AppleSupport - music added is disappearing mysteriously! I assume you know the issue already!,"@576330 We want you to be able to listen to your music. Join us in DM, tell us which country you're in and details about the missing music. https\://t.co/GDrqU22YpT",Fri Oct 27 23:18:38 +0000 2017,app_or_media_issue,False,easy,Evaluation label prepared with assistant-assisted review against the AppleSupport 14-intent taxonomy; escalation reflects whether the issue requires human/account-specific handling.
2479119,708505,"@116333 @120640 @AppleSupport @AppleSupport can you guys fix my issue.my case is pending since 13th oct.. Case ID: 100321666771

Really disappointed with the service @116333 cook @120640",@708505 We'd be happy to assist.  Please reach out to us via DM and we'll get started. https\://t.co/GDrqU22YpT,Wed Nov 15 14:46:53 +0000 2017,support_contact_issue,True,hard,Evaluation label prepared with assistant-assisted review against the AppleSupport 14-intent taxonomy; escalation reflects whether the issue requires human/account-specific handling.
215806,167320,@AppleSupport So every time I go for a walk my cellular data stays off and I keep manually have to turn it on since the update I’ve never had to do this,@167320 DM us and we can work from there. https\://t.co/GDrqU22YpT,Wed Oct 04 21:16:19 +0000 2017,connectivity_issue,False,medium,Evaluation label prepared with assistant-assisted review against the AppleSupport 14-intent taxonomy; escalation reflects whether the issue requires human/account-specific handling.
1059780,370234,iOS 11.0.3 is trippin’ out so bad.. 😞😞 @115858 @AppleSupport #iPhone7Plus,"@370234 We'd like to look into this with you, can you tell us a bit more about what's happening?",Mon Oct 23 04:45:22 +0000 2017,general_or_unclear,True,hard,Evaluation label prepared with assistant-assisted review against the AppleSupport 14-intent taxonomy; escalation reflects whether the issue requires human/account-specific handling.
506501,236219,"@AppleSupport using IOS 11.1.2, a dark screen with loading circle icon.","@236219 Next, what country are you currently in? Let us know the answer in DM where we’ll continue with our next steps. https\://t.co/GDrqU22YpT",Fri Dec 01 21:35:41 +0000 2017,device_performance_issue,False,easy,Evaluation label prepared with assistant-assisted review against the AppleSupport 14-intent taxonomy; escalation reflects whether the issue requires human/account-specific handling.
2369542,683829,"If u need to get in contact with me, pls DM me because my phone won't turn on 😩 it's been like this for about 2 hours @AppleSupport https\://t.co/DBeh8IEtsk","@683829 We're sorry to see that you're having issues! Try the steps in this article: https\://t.co/8MvHMFZ83h

If you still have issues after that, shoot us a DM. https\://t.co/GDrqU22YpT",Mon Nov 13 23:32:53 +0000 2017,device_performance_issue,True,medium,Evaluation label prepared with assistant-assisted review against the AppleSupport 14-intent taxonomy; escalation reflects whether the issue requires human/account-specific handling.
1507293,469822,@AppleSupport what is going on?,@469822 Hey there. We have your DM. We'll respond there to help out. Thank you.,Fri Nov 03 04:40:44 +0000 2017,general_or_unclear,True,hard,Evaluation label prepared with assistant-assisted review against the AppleSupport 14-intent taxonomy; escalation reflects whether the issue requires human/account-specific handling.
994499,355563,@AppleSupport Just upgraded to 11.0.3 and it killed my cell service. How do I fix this?,@355563 Let's get your cell service back in action. What exactly is happening with your service?,Sun Oct 22 14:18:11 +0000 2017,connectivity_issue,False,easy,Evaluation label prepared with assistant-assisted review against the AppleSupport 14-intent taxonomy; escalation reflects whether the issue requires human/account-specific handling.
1769960,532115,@AppleSupport fix my i️ please,@532115 Here’s what you can do to work around the issue until it’s fixed in a future software update: https\://t.co/xXaXeeSRt9,Tue Nov 07 22:44:46 +0000 2017,keyboard_input_issue,False,hard,Evaluation label prepared with assistant-assisted review against the AppleSupport 14-intent taxonomy; escalation reflects whether the issue requires human/account-specific handling.
1773448,533007,@AppleSupport fix the goddamn “I” issue.,@533007 Here’s what you can do to work around the issue until it’s fixed in a future software update: https\://t.co/xXaXeeSRt9,Wed Nov 08 02:24:05 +0000 2017,keyboard_input_issue,False,easy,Evaluation label prepared with assistant-assisted review against the AppleSupport 14-intent taxonomy; escalation reflects whether the issue requires human/account-specific handling.
2730400,498939,"@AppleSupport 

It’s happening again. Is there going to be an update to address this, or this just the “new normal”? https\://t.co/gnWFaWgh1I",@498939 That should not be happening. Which version of iOS are you using? You can check in Settings &gt; General &gt; About.,Mon Nov 20 14:19:32 +0000 2017,general_or_unclear,True,hard,Evaluation label prepared with assistant-assisted review against the AppleSupport 14-intent taxonomy; escalation reflects whether the issue requires human/account-specific handling.
2002436,592112,@AppleSupport Oh yay!! I’m going to download right now!!,"@592112 Great to hear! Let us know if you have any issues after doing so. Remember that others who haven't done so, may still experience the issue, so some posts or messages you see will have it included.",Sat Nov 11 18:54:06 +0000 2017,general_or_unclear,True,medium,Evaluation label prepared with assistant-assisted review against the AppleSupport 14-intent taxonomy; escalation reflects whether the issue requires human/account-specific handling.
445986,220622,"@AppleSupport re: Keynote…why is the default layout for presentations 4:3? Apple pushes progress, so shouldn’t the default be 16:9?","@220622 We'd like to get you pointed in the right direction. For assistance, please reach out to our Applications support team here: https\://t.co/IBIY3vMgPj",Thu Nov 30 18:40:01 +0000 2017,product_feature_question,False,medium,Evaluation label prepared with assistant-assisted review against the AppleSupport 14-intent taxonomy; escalation reflects whether the issue requires human/account-specific handling.
2280939,663040,@AppleSupport Started with 11.1 and not resolved by the latest update,"@663040 Has this happened with more than one Bluetooth device? Also, does this happen using the Apple Music app? Let us know in DM. https\://t.co/GDrqU22YpT",Sat Nov 11 22:47:43 +0000 2017,general_or_unclear,True,hard,Evaluation label prepared with assistant-assisted review against the AppleSupport 14-intent taxonomy; escalation reflects whether the issue requires human/account-specific handling.
1991153,201391,@AppleSupport It’s been four days and a contact I added still isn’t synced with iCloud.,@201391 That's not what we'd expect and we're happy to help. This article can help: https\://t.co/jgOtqlBfAR DM us with questions. https\://t.co/GDrqU22YpT,Fri Nov 03 01:41:50 +0000 2017,apple_id_icloud_issue,False,medium,Evaluation label prepared with assistant-assisted review against the AppleSupport 14-intent taxonomy; escalation reflects whether the issue requires human/account-specific handling.
2838665,477146,@AppleSupport This is getting old. I wasn’t even out in the cold and and I had to reset my phone 4 times before the screen started working. I’m running 11.2,@477146 Let's go over to DM to continue working on this together. https\://t.co/GDrqU22YpT,Wed Nov 29 15:43:20 +0000 2017,device_performance_issue,True,medium,Evaluation label prepared with assistant-assisted review against the AppleSupport 14-intent taxonomy; escalation reflects whether the issue requires human/account-specific handling.
1772557,210265,@AppleSupport I have a case on my phone and I always have to restart my phone whenever it freezes,@210265 Thanks for letting us know. Do you know if the issue persists without the case on the device?,Wed Nov 08 02:43:16 +0000 2017,device_performance_issue,False,easy,Evaluation label prepared with assistant-assisted review against the AppleSupport 14-intent taxonomy; escalation reflects whether the issue requires human/account-specific handling.
110862,140657,@AppleSupport Yea I believe so it’s a bit off,@140657 Could you tell us which Apple Watch you're using and the version of watchOS that is installed?,Thu Nov 23 19:58:21 +0000 2017,general_or_unclear,True,hard,Evaluation label prepared with assistant-assisted review against the AppleSupport 14-intent taxonomy; escalation reflects whether the issue requires human/account-specific handling.
1095197,378442,#Siri hasn’t worked on my phone 📱 since the update @AppleSupport what’s good? #iOS11,@378442 We'd love to help. Can you tell us what is happening specifically?,Mon Oct 23 21:08:43 +0000 2017,app_or_media_issue,False,easy,Evaluation label prepared with assistant-assisted review against the AppleSupport 14-intent taxonomy; escalation reflects whether the issue requires human/account-specific handling.
2920059,116796,@AppleSupport Done. It would be appreciated if you passed this request on to the powers that be as well.,@116796 Thanks for providing your feedback. We value your feedback and recommendations. Please know that your feedback is reviewed. DM us with any additional questions. We're happy to do everything we can to help. https\://t.co/GDrqU22YpT,Wed Nov 29 03:30:53 +0000 2017,general_or_unclear,True,medium,Evaluation label prepared with assistant-assisted review against the AppleSupport 14-intent taxonomy; escalation reflects whether the issue requires human/account-specific handling.
542395,245886,"@AppleSupport My Mac account is set in Italian, but just after the last security patch (17B1003), these #macOSHighSierra warns appears in mixed English and Italian. Any solution? https\://t.co/o282WIprDW",@245886 Thanks for the screenshots. Have you fully restarted your Mac since having this issue?,Sat Dec 02 07:01:37 +0000 2017,software_update_issue,False,medium,Evaluation label prepared with assistant-assisted review against the AppleSupport 14-intent taxonomy; escalation reflects whether the issue requires human/account-specific handling.
1896438,339443,@AppleSupport how is my phone losing battery power while it’s plugged into the wall (says charging) &amp; on low power mode????,@339443 We'd be happy to look into this with you more in detail.  Please reach out to us via DM and we'll get started. https\://t.co/GDrqU22YpT,Tue Oct 24 14:33:49 +0000 2017,device_performance_issue,False,easy,Evaluation label prepared with assistant-assisted review against the AppleSupport 14-intent taxonomy; escalation reflects whether the issue requires human/account-specific handling.
92557,136046,"@AppleSupport I did an icloud backup two days ago, i’ll update my software","@136046 Let us know when that's done, and if the issue persists Direct Message us. https\://t.co/GDrqU22YpT",Thu Nov 30 16:42:04 +0000 2017,general_or_unclear,True,medium,Evaluation label prepared with assistant-assisted review against the AppleSupport 14-intent taxonomy; escalation reflects whether the issue requires human/account-specific handling.
1845369,274379,@AppleSupport this update is booboo. Crap. Shitake. I want my flip phone back.,@274379 We want to make sure iOS 11 is running great on your iPhone. Could you join us in DM with more details on what you're seeing? https\://t.co/GDrqU22YpT,Wed Oct 18 03:48:23 +0000 2017,software_update_issue,False,easy,Evaluation label prepared with assistant-assisted review against the AppleSupport 14-intent taxonomy; escalation reflects whether the issue requires human/account-specific handling.
1341727,432947,"@AppleSupport It appears to be ""\_\_email\_\_""",@432947 That does appear to be a phishing attempt. Did you click on any links or enter any information?,Fri Oct 27 16:07:15 +0000 2017,security_phishing_issue,True,medium,Evaluation label prepared with assistant-assisted review against the AppleSupport 14-intent taxonomy; escalation reflects whether the issue requires human/account-specific handling.
2033583,601303,@AppleSupport need to cancel a Genius Bar appointment but it’s not letting me do it online. Need help - appt tonight.,@601303 We'll do what we can to help you with this. Meet us in DM and we'll go from there. https\://t.co/GDrqU22YpT,Wed Oct 18 21:58:14 +0000 2017,warranty_repair_recycling,True,medium,Evaluation label prepared with assistant-assisted review against the AppleSupport 14-intent taxonomy; escalation reflects whether the issue requires human/account-specific handling.
2606723,737438,@AppleSupport (2/2) phone and going to my iPad. I’ve checked the settings on both devices. What’s going on?,@737438 We'd like to help you get all your messages. Let's meet up in DM and work through it. https\://t.co/GDrqU22YpT,Mon Oct 30 20:49:40 +0000 2017,general_or_unclear,True,hard,Evaluation label prepared with assistant-assisted review against the AppleSupport 14-intent taxonomy; escalation reflects whether the issue requires human/account-specific handling.
2439724,699752,@AppleSupport Hi! Can you help me out with an order I made?,"@699752 We'll do all we can to help. What questions do you have?

Also, you may find answer to your order inquiries here: https\://t.co/jr7MZtpSNY",Tue Nov 14 22:13:21 +0000 2017,order_sales_issue,True,easy,Evaluation label prepared with assistant-assisted review against the AppleSupport 14-intent taxonomy; escalation reflects whether the issue requires human/account-specific handling.
366160,202731,@AppleSupport upgraded to iOS11.02 and watched my battery plummet from 50% to 2% in less than 10 minutes! Hope this is being sorted?!,"@202731 We know how important battery life is, and we want to help! Which device are we working with?",Sun Oct 08 18:17:46 +0000 2017,device_performance_issue,False,medium,Evaluation label prepared with assistant-assisted review against the AppleSupport 14-intent taxonomy; escalation reflects whether the issue requires human/account-specific handling.
1616675,495765,@AppleSupport Thanks for the response. Can landscape support be enabled in future versions of software. Can you take it as feedback?,"@495765 No problem. If you'd like to provide feedback, feel free to do so here: https\://t.co/eTPVYVFyd8",Sun Nov 05 14:15:03 +0000 2017,product_feature_question,False,medium,Evaluation label prepared with assistant-assisted review against the AppleSupport 14-intent taxonomy; escalation reflects whether the issue requires human/account-specific handling.
2410409,693026,@AppleSupport My phone isn’t on Do Not Disturb and I still don’t receive notifications for text messages. Why is that? 🤔,@693026 We'll be happy to take a look. Is everything set up for messages to get notifications? Use this for help: https\://t.co/2txgOv5s2M,Tue Nov 14 15:46:02 +0000 2017,app_or_media_issue,False,easy,Evaluation label prepared with assistant-assisted review against the AppleSupport 14-intent taxonomy; escalation reflects whether the issue requires human/account-specific handling.
1362542,437254,@AppleSupport I have a reservation number but want to change payment method. Will that change my delivery date?,@437254 We can get you to the right team for an answer. You'll want to reach out to online sales support: https\://t.co/8yjRd1Xo0i,Fri Oct 27 18:56:13 +0000 2017,order_sales_issue,True,medium,Evaluation label prepared with assistant-assisted review against the AppleSupport 14-intent taxonomy; escalation reflects whether the issue requires human/account-specific handling.
2683846,639845,@AppleSupport This is all I can see https\://t.co/IowxWR51H1,"@639845 Thank for that screenshot. This appears to be a phishing email. Please check out this article for how to forward it to us and identify them in the future. Avoid phishing emails, fake ‘virus‘ alerts and other scams: https\://t.co/LNMCdqt6fD",Sun Nov 19 16:46:31 +0000 2017,general_or_unclear,True,hard,Evaluation label prepared with assistant-assisted review against the AppleSupport 14-intent taxonomy; escalation reflects whether the issue requires human/account-specific handling.
2358802,681255,"@AppleSupport - If I buy an iPhone X from the store in NJ, is it unlocked by default? Can I carry anywhere in the world without worrying about carrier? Is international warranty applicable in this case?","@681255 Thanks for reaching out! For questions about purchasing an iPhone X, reach out here: https\://t.co/8yjRd1Xo0i

As far as the warranty goes: https\://t.co/K2tQdhOWB6",Mon Nov 13 19:05:03 +0000 2017,order_sales_issue,True,medium,Evaluation label prepared with assistant-assisted review against the AppleSupport 14-intent taxonomy; escalation reflects whether the issue requires human/account-specific handling.
1024586,362452,@AppleSupport is there something I can do to have the autocorrect stop? The new iOS is changing simple words like food to good in my texts.,"@362452 Let's help tailor the Settings to your preference. For a full breakdown on this, please view: https\://t.co/U5VKSTl2CD",Thu Oct 12 16:16:58 +0000 2017,keyboard_input_issue,False,medium,Evaluation label prepared with assistant-assisted review against the AppleSupport 14-intent taxonomy; escalation reflects whether the issue requires human/account-specific handling.
889021,217095,@AppleSupport hey how do I check what date these purchases were made https\://t.co/t7z1iHz4Qe,@217095 We want to help. Send us a DM and we'll help you find the information you are looking for. https\://t.co/GDrqU22YpT,Tue Oct 10 02:16:13 +0000 2017,payment_billing_issue,True,medium,Evaluation label prepared with assistant-assisted review against the AppleSupport 14-intent taxonomy; escalation reflects whether the issue requires human/account-specific handling.
2624901,741478,"@AppleSupport Progressively getting worse, hence why I need you to run a diag tool so I can determine if I need to replace battery? https\://t.co/xnurVSoD5Q",@741478 Understood. Let's take a look at this further in DM. https\://t.co/GDrqU22YpT,Mon Oct 30 23:17:02 +0000 2017,warranty_repair_recycling,True,medium,Evaluation label prepared with assistant-assisted review against the AppleSupport 14-intent taxonomy; escalation reflects whether the issue requires human/account-specific handling.
1657217,645941,"@505648 @AppleSupport Yep, have already had to charge my iPhone 3x today! 😩 Not cool. 👎🏻",@645941 We can work with you on this issue. Send us a DM and we'll get started. https\://t.co/GDrqU2kzhr,Mon Nov 06 03:09:16 +0000 2017,device_performance_issue,False,easy,Evaluation label prepared with assistant-assisted review against the AppleSupport 14-intent taxonomy; escalation reflects whether the issue requires human/account-specific handling.
1959414,569758,"@AppleSupport a number of my apps keep crashing on me, particularly my @318 app, since the update","@569758 We'll do all we can to help. To get started, can you describe for us what you mean when you say your apps are crashing?",Mon Oct 30 20:42:03 +0000 2017,app_or_media_issue,False,medium,Evaluation label prepared with assistant-assisted review against the AppleSupport 14-intent taxonomy; escalation reflects whether the issue requires human/account-specific handling.
2287920,664719,I updated my phone and I’m still seeing the A ? Question mark box. 😐 @115858 @applesupport,@664719 Hi. Thank you so much for updating. We are happy to look into the autocorrect error after you've updated to 11.1.1. Are you seeing this error when you type or only when reading received messages? Send us a DM. https\://t.co/GDrqU22YpT,Sun Nov 12 01:56:52 +0000 2017,keyboard_input_issue,False,easy,Evaluation label prepared with assistant-assisted review against the AppleSupport 14-intent taxonomy; escalation reflects whether the issue requires human/account-specific handling.
286892,184360,"@AppleSupport yo why has the new update made my alarm not go off on silent!! Nearly made me late for work, care to explains yourselves??🤷‍♂️",@184360 That is no fun. Is this happening with all of your alarms and reminders? Or just your morning wake-up alarm?,Fri Oct 06 10:46:27 +0000 2017,app_or_media_issue,False,medium,Evaluation label prepared with assistant-assisted review against the AppleSupport 14-intent taxonomy; escalation reflects whether the issue requires human/account-specific handling.
62224,130250,"@AppleSupport When the Sept update ever since then there’s an exclamation point in a circle in most pictures I’m at 11.1 now, updated last night as well","@130250 Thanks for letting us know. For more help with this, you'll want to contact our Photos experts here: https\://t.co/IBIY3vMgPj",Wed Nov 01 21:52:10 +0000 2017,app_or_media_issue,False,medium,Evaluation label prepared with assistant-assisted review against the AppleSupport 14-intent taxonomy; escalation reflects whether the issue requires human/account-specific handling.
792769,159401,@AppleSupport I can’t seem to change my push notifications for my emails. The option to do this is no longer their in settings? 🤔,"@159401 We'd love to help. You can change mail notifications under Settings 

&gt; Notifications. More info is here: https\://t.co/E7sMv2aXe6",Thu Oct 12 06:33:22 +0000 2017,product_feature_question,False,easy,Evaluation label prepared with assistant-assisted review against the AppleSupport 14-intent taxonomy; escalation reflects whether the issue requires human/account-specific handling.
2280551,662950,@AppleSupport this afternoon. it does not go away,@662950 We'd like to try a few steps to see if we can reach a resolution for this. The first is an SMC reset. Please do the steps for your specific type of Mac here: https\://t.co/460MSj5yQz,Sat Nov 11 17:23:31 +0000 2017,general_or_unclear,True,hard,Evaluation label prepared with assistant-assisted review against the AppleSupport 14-intent taxonomy; escalation reflects whether the issue requires human/account-specific handling.
1128285,385994,@AppleSupport Set me a appointment with Apple store in Valencia,@385994 DM us the details of your issue and we can take a look at this. https\://t.co/GDrqU22YpT,Sat Oct 14 15:35:57 +0000 2017,warranty_repair_recycling,True,medium,Evaluation label prepared with assistant-assisted review against the AppleSupport 14-intent taxonomy; escalation reflects whether the issue requires human/account-specific handling.
148178,149705,@AppleSupport Have done that and still in the same situ 👎🏻,"@149705 OK, let's restart the iPhone and see if the issue continues. Let us know how it goes in DM: https\://t.co/GDrqU22YpT",Fri Nov 24 16:31:59 +0000 2017,general_or_unclear,True,hard,Evaluation label prepared with assistant-assisted review against the AppleSupport 14-intent taxonomy; escalation reflects whether the issue requires human/account-specific handling.
1474741,462357,@AppleSupport will the wireless charging for the iPhone 8 Plus work if it has a pop socket on the back of it?,@462357 Great question! Any objects between the iPhone and the charger would need to be removed. https\://t.co/nfQBy0qB6l,Thu Nov 02 19:00:18 +0000 2017,product_feature_question,False,easy,Evaluation label prepared with assistant-assisted review against the AppleSupport 14-intent taxonomy; escalation reflects whether the issue requires human/account-specific handling.
1845698,552883,@AppleSupport My iPhone has suddenly started charging really slowly. Update ✅ Battery usage check ✅ Still slow! Can you help? #iPhone7Plus,@552883 We're here for you and happy to help. Send us a DM and let us know what type of charger you're using. We'll go from there. https\://t.co/GDrqU22YpT,Wed Oct 18 05:42:49 +0000 2017,device_performance_issue,False,medium,Evaluation label prepared with assistant-assisted review against the AppleSupport 14-intent taxonomy; escalation reflects whether the issue requires human/account-specific handling.
1548759,479430,@AppleSupport @\_\_hollyhudson\_\_ We all have it downloaded. Please fix it. It’s getting annoying.,@479430 Please try the steps here to help with the issue you're experiencing: https\://t.co/uQeXsr9Kz9,Sat Nov 04 03:10:41 +0000 2017,general_or_unclear,True,hard,Evaluation label prepared with assistant-assisted review against the AppleSupport 14-intent taxonomy; escalation reflects whether the issue requires human/account-specific handling.
2139915,629332,Apple’s iOS updated screws up my “i’s” 😒😒😒@AppleSupport stupid,@629332 Here’s what you can do to work around the issue until it’s fixed in a future software update: https\://t.co/xXaXeeSRt9,Wed Nov 08 22:02:47 +0000 2017,keyboard_input_issue,False,easy,Evaluation label prepared with assistant-assisted review against the AppleSupport 14-intent taxonomy; escalation reflects whether the issue requires human/account-specific handling.
2077759,614504,@AppleSupport Some bugs in 11.0.1. I also cannot swipe left and right when my phone is locked – can’t see updates and use camera easily. https\://t.co/vSJnenvk3b,@614504 We'd love to help with the iOS performance. Could you Direct Message us and let us know what country you're located in? https\://t.co/GDrqU22YpT,Mon Oct 09 08:37:37 +0000 2017,software_update_issue,False,hard,Evaluation label prepared with assistant-assisted review against the AppleSupport 14-intent taxonomy; escalation reflects whether the issue requires human/account-specific handling.
2620,116335,@AppleSupport watchOs4 made my watch pointless Browsing music on my phone via the watch was 80% reason for buying it now it’s useless.,@116335 You should still be able to control Music on your iPhone from the watch. Check out the user guide here: https\://t.co/vRQnmrhVHj,Tue Oct 31 22:47:13 +0000 2017,app_or_media_issue,False,medium,Evaluation label prepared with assistant-assisted review against the AppleSupport 14-intent taxonomy; escalation reflects whether the issue requires human/account-specific handling.
627979,268737,Awful service in @115858 store today! Phone is less than a week old and clearly doesn’t work but they can’t help me without the box?! Great when you need your phone for work and it’s totally unreliable. @AppleSupport #iphoneproblems,@268737 We'd be happy to look into some options for your iPhone. DM us and tell us more about what's happening with your device and we'll go from there. https\://t.co/GDrqU22YpT,Wed Nov 22 13:05:35 +0000 2017,warranty_repair_recycling,True,hard,Evaluation label prepared with assistant-assisted review against the AppleSupport 14-intent taxonomy; escalation reflects whether the issue requires human/account-specific handling.
385957,207374,"@AppleSupport I'm using another phone honor but I need my iphone..

I'm prefer using iphone (system and cam and safety) I love and I miss my iphone :(..","@207374 You're in the right place; we'll do all we can to help. To start, connect with us in DM: https\://t.co/GDrqU22YpT",Mon Oct 09 12:55:02 +0000 2017,general_or_unclear,True,hard,Evaluation label prepared with assistant-assisted review against the AppleSupport 14-intent taxonomy; escalation reflects whether the issue requires human/account-specific handling.
2488652,710703,"@AppleSupport lmao when is my 8 month old, fully updated iPhone 7 going to stop freezing randomly?? Kinda sick of paying hundreds for a phone that’s underperforming 🤷🏻‍♀️","@710703 Getting the performance that's expected from your iPhone is very important to us. You're in good hands and we're going to do all we can to work towards a resolution. To get us started, may we have the exact iOS version shown in Settings &gt; General &gt; About.",Wed Nov 15 16:14:59 +0000 2017,device_performance_issue,False,medium,Evaluation label prepared with assistant-assisted review against the AppleSupport 14-intent taxonomy; escalation reflects whether the issue requires human/account-specific handling.
1858295,555659,@AppleSupport any idea why my phone won't connect to my MacBook Pro ? Really frustrating https\://t.co/VQNUw4jznx,"@555659 That's a great question! We'd be happy to help the iPhone be seen in iTunes. Send us a DM, and we'll help you out. https\://t.co/GDrqU22YpT",Thu Oct 19 12:52:26 +0000 2017,connectivity_issue,False,easy,Evaluation label prepared with assistant-assisted review against the AppleSupport 14-intent taxonomy; escalation reflects whether the issue requires human/account-specific handling.
543708,246296,".\@AppleSupport @115858 - how come there isn't already information here about the widely reported ""2nd December"" bug - my phone keeps crashing/re-starting. I'm due an upgrade and so if this isn't fixed soon and fully I'll be choosing @122986 #Pixel2 Poor.........","@246296 We want your iPhone to function properly for you. Check out this support article, which addresses the issue you're experiencing: https\://t.co/Wc5MHFZb0p",Sat Dec 02 08:22:26 +0000 2017,device_performance_issue,False,hard,Evaluation label prepared with assistant-assisted review against the AppleSupport 14-intent taxonomy; escalation reflects whether the issue requires human/account-specific handling.
508258,236697,@AppleSupport It did not work ! 😢,"@236697 At Settings &gt; General &gt; About &gt; Available, how much space is showing? Let us know in DM. https\://t.co/GDrqU22YpT",Fri Dec 01 21:57:49 +0000 2017,general_or_unclear,True,hard,Evaluation label prepared with assistant-assisted review against the AppleSupport 14-intent taxonomy; escalation reflects whether the issue requires human/account-specific handling.
2136636,628534,my phone keeps logging me out of every single app I have WHYYYYY @AppleSupport,@628534 Let's look into this for you. Were these Apps signed in through your Apple ID or another account type? Let us know in DM. https\://t.co/GDrqU22YpT,Wed Nov 08 21:08:48 +0000 2017,apple_id_icloud_issue,True,medium,Evaluation label prepared with assistant-assisted review against the AppleSupport 14-intent taxonomy; escalation reflects whether the issue requires human/account-specific handling.
53582,128111,@AppleSupport Hi. I cannot reset the security questions after I logged in my account. What to do? :/,"@128111  We want to help with your Apple ID. If you forgot the answers to your Apple ID security questions:

https\://t.co/qaNMuN8ar1",Wed Nov 01 18:30:30 +0000 2017,apple_id_icloud_issue,False,medium,Evaluation label prepared with assistant-assisted review against the AppleSupport 14-intent taxonomy; escalation reflects whether the issue requires human/account-specific handling.
2622669,740943,"@AppleSupport See attached. I know how to use the app but when I want to buy a song or album and want to search 'apple music', I can't. I can only search my library &amp; radio. The picture  shows what I'm referring too https\://t.co/rwl8uoC0mH",@740943 Thank you for the screenshot. We can definitely see what you mean. Are you a current Apple Music subscriber?,Fri Nov 17 18:08:39 +0000 2017,app_or_media_issue,False,medium,Evaluation label prepared with assistant-assisted review against the AppleSupport 14-intent taxonomy; escalation reflects whether the issue requires human/account-specific handling.
1954372,580156,@AppleSupport IPhone 6 - Lag and touchscreen problems after ios 11.0.3,@580156 Thanks for reaching out to Apple Support. We can take a look at these together. Meet us in DM and we'll get started. https\://t.co/GDrqU22YpT,Sun Oct 29 18:35:54 +0000 2017,device_performance_issue,False,easy,Evaluation label prepared with assistant-assisted review against the AppleSupport 14-intent taxonomy; escalation reflects whether the issue requires human/account-specific handling.
446498,220761,"@AppleSupport it's pretty annoying since I can't upload or send any pic because even if it says ""try again later"" it never works",@220761 It's important to be able to open and send your pictures. Let’s get you connected to a Photos advisor. You can reach them by going to Apps &amp; Software &gt; Mac apps or iOS apps (depending on your device) &gt; Photos after clicking this link: https\://t.co/IBIY3vMgPj,Thu Nov 30 19:21:05 +0000 2017,app_or_media_issue,False,easy,Evaluation label prepared with assistant-assisted review against the AppleSupport 14-intent taxonomy; escalation reflects whether the issue requires human/account-specific handling.
2690905,756482,@AppleSupport can I receive a verification code if I’m roaming ? I’ve been trying to access my iCloud for days now 😒😒,@756482 We'd like to look into this with you. Send us a DM letting us know if you have two-step verification enabled or two-factor authentication enabled. We'll continue there. https\://t.co/GDrqU22YpT,Sun Nov 19 14:33:12 +0000 2017,apple_id_icloud_issue,False,medium,Evaluation label prepared with assistant-assisted review against the AppleSupport 14-intent taxonomy; escalation reflects whether the issue requires human/account-specific handling.
2028664,371772,@AppleSupport No also in the control center !,@371772 Let's continue in DM so we may better assist you. https\://t.co/GDrqU22YpT,Wed Oct 18 22:38:16 +0000 2017,general_or_unclear,True,hard,Evaluation label prepared with assistant-assisted review against the AppleSupport 14-intent taxonomy; escalation reflects whether the issue requires human/account-specific handling.
195999,162112,@AppleSupport Yes I am 🙂,@162112 Bluetooth and Wi-Fi work differently when turned off in Control Center. You can read more here: https\://t.co/G7BHuQnDS6,Wed Oct 04 22:38:37 +0000 2017,general_or_unclear,True,hard,Evaluation label prepared with assistant-assisted review against the AppleSupport 14-intent taxonomy; escalation reflects whether the issue requires human/account-specific handling.
1734417,523757,@AppleSupport my iPhone started strucking when I got updated new iOS 11.1 plz resolve the issue.,"@523757 Let us help. Meet us in DM with your iPhone model and details of when this occurs, please. https\://t.co/GDrqU22YpT",Tue Nov 07 03:42:25 +0000 2017,device_performance_issue,False,easy,Evaluation label prepared with assistant-assisted review against the AppleSupport 14-intent taxonomy; escalation reflects whether the issue requires human/account-specific handling.
1509390,470350,@AppleSupport why can’t I️ type the letter I without some weird thing going on,"@470350 Hey, you've come to the right place for help. DM us and we'll get started. https\://t.co/GDrqU22YpT",Fri Nov 03 05:48:48 +0000 2017,keyboard_input_issue,False,easy,Evaluation label prepared with assistant-assisted review against the AppleSupport 14-intent taxonomy; escalation reflects whether the issue requires human/account-specific handling.
2307908,669466,"Every time I try and call my voicemail there’s no dial tone, nothing @AppleSupport","@669466 Thanks for reaching out. Does the Visual Voicemail feature work as expected? Also, restart the phone. Does it persist?",Tue Nov 07 17:22:16 +0000 2017,connectivity_issue,False,easy,Evaluation label prepared with assistant-assisted review against the AppleSupport 14-intent taxonomy; escalation reflects whether the issue requires human/account-specific handling.
228552,170492,@AppleSupport Why don't the iPads have a Calculator?,@170492 We'd like to look into this. Which iPad and software version are you using?,Wed Nov 15 04:26:08 +0000 2017,product_feature_question,False,easy,Evaluation label prepared with assistant-assisted review against the AppleSupport 14-intent taxonomy; escalation reflects whether the issue requires human/account-specific handling.
2773129,775079,"honestly, apple music is so shit. why yall removing all my downloaded songs? @115858 @115948 @AppleSupport EVERYTIME I GO TO DOWNLOAD IT AGAIN IT REMOVES OTHER SONGS!!! FUCKING SORT YA SHIT OUT.",@775079 Thanks for letting us know about this. We'd like to help you get to the bottom of this issue with your Music. Please let us know in DM if you're a current Apple Music subscriber and we'll go from there. https\://t.co/GDrqU22YpT,Tue Nov 21 11:10:00 +0000 2017,app_or_media_issue,False,medium,Evaluation label prepared with assistant-assisted review against the AppleSupport 14-intent taxonomy; escalation reflects whether the issue requires human/account-specific handling.
1769934,532108,@AppleSupport Why is my phone acting stupid ? Im not going to buy a new one . 😑,"@532108 What seems to be going on with your iPhone. Let us know, we're happy to help!",Tue Nov 07 18:25:58 +0000 2017,general_or_unclear,True,hard,Evaluation label prepared with assistant-assisted review against the AppleSupport 14-intent taxonomy; escalation reflects whether the issue requires human/account-specific handling.
2058370,608768,"@AppleSupport My iPhone 6s Plus is not synching my music &amp; photos. It keeps saying ""Sync session failed to finish"" Please help.",@608768 Thanks for reaching out to us. We'd like to help! Where are you seeing this message? Let us know in DM. https\://t.co/GDrqU22YpT,Sat Oct 07 00:30:17 +0000 2017,apple_id_icloud_issue,False,medium,Evaluation label prepared with assistant-assisted review against the AppleSupport 14-intent taxonomy; escalation reflects whether the issue requires human/account-specific handling.
1824297,547627,@AppleSupport Why does it take 72 hours to change my cell phone number? How about supporting an international relocation? Unacceptable,@547627 We'd be happy to look into this with you. DM us details on how you're changing your cell number and we'll go from there. https\://t.co/GDrqU22YpT,Mon Oct 16 23:27:33 +0000 2017,connectivity_issue,True,medium,Evaluation label prepared with assistant-assisted review against the AppleSupport 14-intent taxonomy; escalation reflects whether the issue requires human/account-specific handling.
161262,153201,@AppleSupport I can’t back my iPhone up to my MacBook Pro as I keep getting the error “iTunes could not back up the iPhone Jess North because an error occurred while reading from or writing to the iPhone” How can I resolve this as I get a new phone next week and want to transfer?,"@153201 We understand how important backing up your device is, and we're happy to help. To start, please check out https\://t.co/0Yt2YL6ezw for tips. Keep us posted on how it goes. If needed, we're here for you.",Fri Nov 24 18:38:28 +0000 2017,apple_id_icloud_issue,False,hard,Evaluation label prepared with assistant-assisted review against the AppleSupport 14-intent taxonomy; escalation reflects whether the issue requires human/account-specific handling.
946721,225146,@AppleSupport Do you think this is an issue w/ the beta version on my phone?,@225146 We want to help identify what is causing the issue and get things working smoothly for you again. DM us and we'll continue. https\://t.co/GDrqU22YpT,Sat Oct 21 19:40:25 +0000 2017,software_update_issue,False,easy,Evaluation label prepared with assistant-assisted review against the AppleSupport 14-intent taxonomy; escalation reflects whether the issue requires human/account-specific handling.
2072007,612816,Yo @AppleSupport since these updates my phone works aswell as a house brick!! Sort this shit out!!,@612816 We want to work with you to get your iPhone issues resolved. DM us using the link below and let us know details. https\://t.co/GDrqU22YpT,Sat Oct 07 16:18:27 +0000 2017,device_performance_issue,False,medium,Evaluation label prepared with assistant-assisted review against the AppleSupport 14-intent taxonomy; escalation reflects whether the issue requires human/account-specific handling.
391716,208749,"@AppleSupport after updating to iOS 11.0.2 can’t send sms through contact in dial list , favourite and contact list... very frustrating!",@208749 Let’s work together to ease your frustration. Can you tell us what happens when you try to message?,Mon Oct 09 05:06:22 +0000 2017,connectivity_issue,False,medium,Evaluation label prepared with assistant-assisted review against the AppleSupport 14-intent taxonomy; escalation reflects whether the issue requires human/account-specific handling.
848277,321592,"@AppleSupport me ajuda, minhas Fotos não estão aparecendo no celular 😔","@321592 Since our Twitter support is available in English, get help at https\://t.co/IBIY3vMgPj or join https\://t.co/pvaOFfPbjt",Fri Oct 20 12:54:49 +0000 2017,apple_id_icloud_issue,True,medium,Evaluation label prepared with assistant-assisted review against the AppleSupport 14-intent taxonomy; escalation reflects whether the issue requires human/account-specific handling.
1927621,573675,@AppleSupport Need to edit an address on my iPhone order but chat and phones are all disabled? Help.,"@573675 Are you able to edit the address for your order using this link? https\://t.co/jr7MZtpSNY If you can't change it there, please DM us. https\://t.co/GDrqU22YpT",Fri Oct 27 15:22:21 +0000 2017,order_sales_issue,True,easy,Evaluation label prepared with assistant-assisted review against the AppleSupport 14-intent taxonomy; escalation reflects whether the issue requires human/account-specific handling.
1368820,438615,"@AppleSupport Hey guys, you still haven’t fixed this issue. Not cool. https\://t.co/C7sID4uNWE",@438615 We'd love to take a look into this issue. Reach out in DM and let us know which device you are on to get started. https\://t.co/GDrqU22YpT,Sun Nov 26 05:50:43 +0000 2017,general_or_unclear,True,hard,Evaluation label prepared with assistant-assisted review against the AppleSupport 14-intent taxonomy; escalation reflects whether the issue requires human/account-specific handling.
484554,230311,Has anyone else been having issues with charging your iPhone since the #IOS11 update? @AppleSupport,"@230311 Getting your iPhone charged and ready to go for the day is important, and we want to get these charging issues you are seeing solved. So we can get started, what specific issues are you having when you charge your iPhone? How are you charging it?",Fri Dec 01 09:11:03 +0000 2017,device_performance_issue,False,easy,Evaluation label prepared with assistant-assisted review against the AppleSupport 14-intent taxonomy; escalation reflects whether the issue requires human/account-specific handling.
356447,200634,@AppleSupport Nope. It’s like a very limited number of call logs being displayed. I’d like to have them as big as my messages inbox. Practically as long as a month. Limiting my logs to a 25/50 numbers is awful. Not reasonable to restrict my phone log as primarily an iPhone is to talk over.,"@200634 Are they continually being removed, or did they just stop after a certain point? Let us know in a DM. https\://t.co/GDrqU22YpT",Sun Oct 08 15:40:03 +0000 2017,product_feature_question,False,hard,Evaluation label prepared with assistant-assisted review against the AppleSupport 14-intent taxonomy; escalation reflects whether the issue requires human/account-specific handling.
2533256,720890,@AppleSupport A version of iOS 10. I did a hard reset more than a few times with no change after the hard reset.,@720890 What version of iOS 10 are you running? Find that in Settings &gt; General &gt; About.,Mon Oct 30 13:37:25 +0000 2017,general_or_unclear,True,hard,Evaluation label prepared with assistant-assisted review against the AppleSupport 14-intent taxonomy; escalation reflects whether the issue requires human/account-specific handling.
1990467,312390,"@AppleSupport Hm, settings are fine. I thinks @4305 needs to fix this.",@312390 That's good the settings look in order. Do you see any app updates available for this app in the App Store?,Wed Oct 18 21:12:15 +0000 2017,app_or_media_issue,False,easy,Evaluation label prepared with assistant-assisted review against the AppleSupport 14-intent taxonomy; escalation reflects whether the issue requires human/account-specific handling.
2630221,742770,.\@AppleSupport since upgrading to iOS 11.1.1 my one keyboard issue was fixed but now every time I type “it” It does this craziness (below) AND I don’t have any phrase shortcuts. HELP it’s driving me crazy! https\://t.co/AEsMc2Jl89,"@742770 We'd love to help out. First let's make sure you have a current backup of your data. Then, meet us in DM to continue. https\://t.co/GDrqU22YpT",Fri Nov 17 16:24:12 +0000 2017,keyboard_input_issue,False,medium,Evaluation label prepared with assistant-assisted review against the AppleSupport 14-intent taxonomy; escalation reflects whether the issue requires human/account-specific handling.
1676892,510068,"@AppleSupport ever since I updated to iOS11 the camera takes really long to work. It gives a black screen for a few moments, then works",@510068 We're here to help. What iOS device are you using and what version of iOS is it currently running?,Tue Oct 17 15:49:23 +0000 2017,app_or_media_issue,False,medium,Evaluation label prepared with assistant-assisted review against the AppleSupport 14-intent taxonomy; escalation reflects whether the issue requires human/account-specific handling.
854549,322953,@AppleSupport i preordered niall horans new album before it was released and now its saying that i have to pay for it again,@322953 Are you able to download the album from your purchase history? Let us know and we'll help out.,Fri Oct 20 14:45:59 +0000 2017,payment_billing_issue,True,medium,Evaluation label prepared with assistant-assisted review against the AppleSupport 14-intent taxonomy; escalation reflects whether the issue requires human/account-specific handling.
1628461,498515,My emails are back to normal but my Apple Music still isn’t working ugh I wanna cry @115948 @AppleSupport,@498515 We're here to help. Do you subscribe to Apple Music? Is iCloud Music Library turned on? See here: https\://t.co/9VQ9VywZJ2,Sun Nov 05 04:21:19 +0000 2017,app_or_media_issue,False,easy,Evaluation label prepared with assistant-assisted review against the AppleSupport 14-intent taxonomy; escalation reflects whether the issue requires human/account-specific handling.
1998482,162652,"@AppleSupport Any idea why my iPhone said ""Invalid SIM"" at the top...?","@162652 Thanks for reaching out to us today! To start, DM us know which iPhone and iOS version you're experiencing this issue on. https\://t.co/GDrqU22YpT",Fri Nov 03 14:19:01 +0000 2017,connectivity_issue,False,easy,Evaluation label prepared with assistant-assisted review against the AppleSupport 14-intent taxonomy; escalation reflects whether the issue requires human/account-specific handling.
1913277,569910,Will this ever get fixed? @115858 @AppleSupport https\://t.co/bYZGkdzcCQ,@569910 Reach out to us via DM and we can take a look at this with you. https\://t.co/GDrqU22YpT,Wed Oct 18 13:02:25 +0000 2017,general_or_unclear,True,hard,Evaluation label prepared with assistant-assisted review against the AppleSupport 14-intent taxonomy; escalation reflects whether the issue requires human/account-specific handling.
741057,297231,@AppleSupport is there a easy way to remove out of date wallet passes? It’s crazy having to tap 4 times to delete one pass,@297231 We understand wanting it to be easy. This article explains the only way to remove the passes: https\://t.co/hemaqGXCcI,Wed Oct 11 07:27:58 +0000 2017,product_feature_question,False,easy,Evaluation label prepared with assistant-assisted review against the AppleSupport 14-intent taxonomy; escalation reflects whether the issue requires human/account-specific handling.
2619878,740317,"I really need to know if you will take a long time to find a solution for these hanging problem @AppleSupport 

@115858 I lost my data twice in last month, please try to figure out how you will fix this situation,

your reply is highly appreciated.",@740317 We are here to help. DM us the details of your issue and we can take a look at this for you. https\://t.co/GDrqU22YpT,Fri Nov 17 10:49:54 +0000 2017,device_performance_issue,True,hard,Evaluation label prepared with assistant-assisted review against the AppleSupport 14-intent taxonomy; escalation reflects whether the issue requires human/account-specific handling.
1774500,533284,@AppleSupport Well thank you for replying. I figured it was glitch so I understand but it’s truly frustrating. Thanks for the temp solution 💕,@533284 It's our pleasure. Feel free to reach out if any questions come up.,Wed Nov 08 04:22:33 +0000 2017,general_or_unclear,False,easy,Evaluation label prepared with assistant-assisted review against the AppleSupport 14-intent taxonomy; escalation reflects whether the issue requires human/account-specific handling.
2520802,718003,@AppleSupport can we do a battery test on my iPhone 7? I am having some issues.,@718003 We can take a look at this with you. Let us know what's going on in DM. https\://t.co/GDrqU22YpT,Thu Nov 16 00:41:09 +0000 2017,device_performance_issue,False,easy,Evaluation label prepared with assistant-assisted review against the AppleSupport 14-intent taxonomy; escalation reflects whether the issue requires human/account-specific handling.
695371,285852,"@AppleSupport my phone won't install the new iOS 11 and keeps sending me that there's an error message, what should I do ?",@285852 We are here to help. Let's try the steps in this article. https\://t.co/Ui1yTnOCUz https\://t.co/GDrqU22YpT,Thu Oct 05 21:43:05 +0000 2017,software_update_issue,False,easy,Evaluation label prepared with assistant-assisted review against the AppleSupport 14-intent taxonomy; escalation reflects whether the issue requires human/account-specific handling.
962216,348325,"Meu, to tendo problema com o wifi, n sei se o problema é o iOS 11 ou o iphone 8 @AppleSupport help me","@348325 Since our Twitter support is available in English, get help at https\://t.co/IBIY3vMgPj or join https\://t.co/pvaOFfPbjt",Wed Oct 11 12:47:02 +0000 2017,connectivity_issue,True,easy,Evaluation label prepared with assistant-assisted review against the AppleSupport 14-intent taxonomy; escalation reflects whether the issue requires human/account-specific handling.
2945671,813655,"@AppleSupport Is this a genuine email add from Apple?

https:\_\_email\_\_

Thanks","@813655 Hey there. We'll be happy to help answer that for you. We don't recognize that email address, so an email from them may be a phishing attempt. Learn more about phishing here: https\://t.co/LNMCdqt6fD",Wed Nov 29 13:31:11 +0000 2017,security_phishing_issue,True,medium,Evaluation label prepared with assistant-assisted review against the AppleSupport 14-intent taxonomy; escalation reflects whether the issue requires human/account-specific handling.
1986900,588139,ATTENTION. @AppleSupport I️ need assistance. My phone won’t let me type an uppercase i. It shows this symbol instead i https\://t.co/OsQsvJezGB,"@588139 Hi there. Please let us know which iOS version your device is running in DM, and we'll work on that issue together. https\://t.co/GDrqU22YpT",Thu Nov 02 03:42:13 +0000 2017,keyboard_input_issue,False,medium,Evaluation label prepared with assistant-assisted review against the AppleSupport 14-intent taxonomy; escalation reflects whether the issue requires human/account-specific handling.
2132077,627432,"@AppleSupport doesn't happen with wi-fi. it's the first time that happens. I did not have ""on"" the wifi nor the cellular data, when i turned on the data, it froze for at least 30 mins. (the reset function did not work)","@627432 We'd like to find out why this happens. To start when you attempt a restart, were you use the steps shown? https\://t.co/o7nB3pXfMv",Wed Nov 08 20:31:15 +0000 2017,connectivity_issue,False,medium,Evaluation label prepared with assistant-assisted review against the AppleSupport 14-intent taxonomy; escalation reflects whether the issue requires human/account-specific handling.
382417,206657,@AppleSupport what is going on with typing the letter I️ and getting A?,@206657 Here’s what you can do to work around the issue until it’s fixed in a future software update: https\://t.co/xXaXeeSRt9,Mon Nov 06 21:24:43 +0000 2017,keyboard_input_issue,False,hard,Evaluation label prepared with assistant-assisted review against the AppleSupport 14-intent taxonomy; escalation reflects whether the issue requires human/account-specific handling.
797588,310154,My phone has been turning do not disturb on since the update. Do u know how critical it is 2 have my phone on as a Publicist?-\@AppleSupport,@310154 We’d be glad to help look into this. Can you start by letting us know more about the situation via DM? https\://t.co/GDrqU22YpT,Thu Oct 12 13:37:06 +0000 2017,app_or_media_issue,False,medium,Evaluation label prepared with assistant-assisted review against the AppleSupport 14-intent taxonomy; escalation reflects whether the issue requires human/account-specific handling.
2278489,662495,@AppleSupport When I try to record/take pictures with the camera app (both from the lock screen and from the app) it looks blurry and won’t let me capture,@662495 We want to look further into this issue. Reach us via DM to continue. https\://t.co/GDrqU22YpT,Sat Nov 11 21:15:30 +0000 2017,app_or_media_issue,False,hard,Evaluation label prepared with assistant-assisted review against the AppleSupport 14-intent taxonomy; escalation reflects whether the issue requires human/account-specific handling.
146783,149322,"Is this a normal behavior I have this since iOS7 on Music App can’t you correct that annoying bug? The bottom is truncated the top bar is overlapping on iPhone 6, 6s. We need to kill the app to correct it. @AppleSupport, this happens randomly https\://t.co/f5N62IylHq",@149322 Hi there. This is not expected behavior that you're experiencing. We're happy to help. Which version of iOS are you running currently?,Fri Nov 24 07:29:41 +0000 2017,app_or_media_issue,False,hard,Evaluation label prepared with assistant-assisted review against the AppleSupport 14-intent taxonomy; escalation reflects whether the issue requires human/account-specific handling.
925608,549485,@AppleSupport Please help my alarm on my iphone isn’t going off when i turn it on i have restarted my phone to see if it would help but it doesn’t,"@549485 We know how important it is for your alarm to go off. No worries, you have our commitment to help! DM us to get started. https\://t.co/GDrqU22YpT",Tue Oct 17 18:28:04 +0000 2017,app_or_media_issue,False,medium,Evaluation label prepared with assistant-assisted review against the AppleSupport 14-intent taxonomy; escalation reflects whether the issue requires human/account-specific handling.
2255348,656907,um @AppleSupport @115948 can someone explain why an album I preordered and purchased is no longer in my library and doesn’t let me play anything other than previews,"@656907 We can help. Open the iTunes Store app and then hit the More icon (...). From there, tap Purchased and Music. and then Tap ""Not on This [device]."" Do you see the album there? 

Click here for a walkthrough: https\://t.co/I39AyMJNgb",Fri Nov 10 22:09:04 +0000 2017,app_or_media_issue,False,hard,Evaluation label prepared with assistant-assisted review against the AppleSupport 14-intent taxonomy; escalation reflects whether the issue requires human/account-specific handling.
2263467,394453,"@AppleSupport Yes. I thought it was really weird because the first time I added it, it said I couldn’t play it. Then, I deleted it and re-installed it. Now, it works.",@394453 We're glad to hear that.  Don't hesitate to contact us again in the future should you need us.,Tue Nov 21 00:09:18 +0000 2017,app_or_media_issue,False,medium,Evaluation label prepared with assistant-assisted review against the AppleSupport 14-intent taxonomy; escalation reflects whether the issue requires human/account-specific handling.
1666278,507626,"@AppleSupport It only happening on my iPhone 6s and iPad Pro, it still connects to wifi but will often randomly loses connection",@507626 OK. Can you tell us if the Wi-Fi network is an in home or local public network?,Tue Oct 17 16:28:36 +0000 2017,connectivity_issue,False,easy,Evaluation label prepared with assistant-assisted review against the AppleSupport 14-intent taxonomy; escalation reflects whether the issue requires human/account-specific handling.
2121578,625063,@AppleSupport even with the new update the WiFi / Bluetooth issues persist. Then the podcast app is quite annoying.. no continuous playback??,@625063 We want you to have a good experience with the update. Please send us a DM so we may better assist you. https\://t.co/GDrqU22YpT,Wed Nov 08 09:36:32 +0000 2017,connectivity_issue,False,medium,Evaluation label prepared with assistant-assisted review against the AppleSupport 14-intent taxonomy; escalation reflects whether the issue requires human/account-specific handling.
188563,160256,"I don't get your guys, @AppleSupport ...i goto your store to get help, and they can't help me.  they setup an #AppleCare call and...",@160256 Let's see how we can help. Can you tell us what the issue was? Thanks.,Wed Oct 04 16:25:57 +0000 2017,support_contact_issue,True,medium,Evaluation label prepared with assistant-assisted review against the AppleSupport 14-intent taxonomy; escalation reflects whether the issue requires human/account-specific handling.
919165,225526,@AppleSupport I'm with #iphone7 and updated to 11.0.3 as soon as its available on my device. Thx,@225526 Let's move to DM so we can gather some specific information about your usage and proceed: https\://t.co/GDrqU22YpT,Fri Oct 13 20:56:58 +0000 2017,general_or_unclear,True,medium,Evaluation label prepared with assistant-assisted review against the AppleSupport 14-intent taxonomy; escalation reflects whether the issue requires human/account-specific handling.
2552419,351168,@AppleSupport since upgrading the Apple Watch software the battery drains very quickly,@351168 We’d be glad to look into that more. Can you start by confirming what model Watch you have as well as the current WatchOS and iOS version your devices have installed? Let us know in DM. https\://t.co/GDrqU22YpT,Thu Nov 16 10:22:38 +0000 2017,device_performance_issue,False,easy,Evaluation label prepared with assistant-assisted review against the AppleSupport 14-intent taxonomy; escalation reflects whether the issue requires human/account-specific handling.
1744884,365702,"Actualización de iOS 11.1 sucks. @AppleSupport, Traba Llamadas, Se bloque seguido. Hay que reiniciar para que vuelva a funcionar😡😡😡 https\://t.co/WS08VbWZil",@365702 We offer support via Twitter in English. Get help in Spanish here: https\://t.co/IBIY3vMgPj or join https\://t.co/OczyRx7IOs,Tue Nov 07 06:20:47 +0000 2017,device_performance_issue,True,hard,Evaluation label prepared with assistant-assisted review against the AppleSupport 14-intent taxonomy; escalation reflects whether the issue requires human/account-specific handling.
2520676,717966,@AppleSupport My carrier is AT&amp;T . Also I will follow the steps provided . Thank you,"@717966 It's our pleasure. If you have any questions about the steps, let us know in DM. We'll be happy to help. https\://t.co/GDrqU22YpT",Thu Nov 16 03:57:39 +0000 2017,general_or_unclear,True,medium,Evaluation label prepared with assistant-assisted review against the AppleSupport 14-intent taxonomy; escalation reflects whether the issue requires human/account-specific handling.
2512276,715996,"meu passatempo é meu celular, lá tem minhas músicas, minhas frases, meus estudos, meu app do nubank, como que eu vou conseguir ficar sem ? :(  thanks  @AppleSupport @118936","@715996 Since our Twitter support is available in English, get help at https\://t.co/IBIY3vMgPj or join https\://t.co/pvaOFfPbjt",Wed Nov 15 22:05:24 +0000 2017,general_or_unclear,True,hard,Evaluation label prepared with assistant-assisted review against the AppleSupport 14-intent taxonomy; escalation reflects whether the issue requires human/account-specific handling.
2743018,768328,"@AppleSupport you suck so bad. I hate you. Waiting forever for @118721 to load, you never seem to like my recently created password. Then iTunes just hangs, as you can see in this photo.  What a waste of time. https\://t.co/P6cRmsXDbP",@768328 We want you to be able to use iTunes consistently. What version of iTunes are you on currently? Let us know in DM. https\://t.co/GDrqU22YpT,Mon Nov 20 18:40:34 +0000 2017,apple_id_icloud_issue,True,medium,Evaluation label prepared with assistant-assisted review against the AppleSupport 14-intent taxonomy; escalation reflects whether the issue requires human/account-specific handling.
805771,312018,"@AppleSupport 

@16937 

Opening pictures in messenger is buggy. When you click to open then zoom and pan around- it crashes.",@312018 We're happy to assist. Which iOS 11 version are you currently running? Go to Settings &gt; General &gt; About for the version.,Sun Oct 08 04:17:36 +0000 2017,app_or_media_issue,False,easy,Evaluation label prepared with assistant-assisted review against the AppleSupport 14-intent taxonomy; escalation reflects whether the issue requires human/account-specific handling.
1802384,167765,um….. @AppleSupport why did my lightening cable just melt and burn me when I tried to charge my iPhone SE? https\://t.co/AQQ4oqHh2o,"@167765 Let's look into this further together. Please send us DM telling us the country you're in, and we'll get started. https\://t.co/GDrqU22YpT",Fri Oct 13 04:32:51 +0000 2017,hardware_accessory_issue,True,medium,Evaluation label prepared with assistant-assisted review against the AppleSupport 14-intent taxonomy; escalation reflects whether the issue requires human/account-specific handling.
2436025,698912,"@AppleSupport Yes, on my IPhone. I️t tries to autocorrect in iMessage. It also appears on Facebook and Twitter.","@698912 Next, which iOS version are you using? Does restarting the iPhone help?",Sun Oct 29 14:59:13 +0000 2017,keyboard_input_issue,False,easy,Evaluation label prepared with assistant-assisted review against the AppleSupport 14-intent taxonomy; escalation reflects whether the issue requires human/account-specific handling.
603998,263559,@AppleSupport do better,@263559 That’s not the experience we want you to have with your iPhone. Let’s start by checking the apps that use the most battery: https\://t.co/2voRgjSsVf We’d like to ask for you to send us a Direct Message and explain the apps that you see on the top of the list. https\://t.co/GDrqU22YpT,Sun Dec 03 23:03:13 +0000 2017,general_or_unclear,True,hard,Evaluation label prepared with assistant-assisted review against the AppleSupport 14-intent taxonomy; escalation reflects whether the issue requires human/account-specific handling.
2688164,755851,"@AppleSupport Did that. Still issues. Eg. this morning 38 mins of normal Safari use (no video, etc) and battery is down 27%.","@755851 Next let's try following this article for maximizing battery performance: https\://t.co/TpjqFp3jxD

Let us know if you see any improvements after these steps.",Tue Nov 28 13:40:42 +0000 2017,device_performance_issue,False,easy,Evaluation label prepared with assistant-assisted review against the AppleSupport 14-intent taxonomy; escalation reflects whether the issue requires human/account-specific handling.
1915729,224801,im soooo over this fucking ios 11 update my phone has dropped more calls because my phone has frozen than EVER before. @AppleSupport,"@224801 We'd like to help get your iPhone to start responding again. Please send us a DM, and we'll start working on this together. https\://t.co/GDrqU22YpT",Thu Oct 26 01:20:10 +0000 2017,device_performance_issue,False,medium,Evaluation label prepared with assistant-assisted review against the AppleSupport 14-intent taxonomy; escalation reflects whether the issue requires human/account-specific handling.
1313930,342225,@AppleSupport I’ve done that. In preserve settings its turned to off. Then I turn it off in the camera. Later I open the camera and it’s on again.,@342225 We're glad to hear that has been all sorted. Please feel free to reach back out if you have any other concerns.,Wed Oct 18 02:30:16 +0000 2017,app_or_media_issue,False,medium,Evaluation label prepared with assistant-assisted review against the AppleSupport 14-intent taxonomy; escalation reflects whether the issue requires human/account-specific handling.
2816413,785135,@AppleSupport i have vibrate disabled but my phone still vibrates when i use TouchID to make a purchase in the app store help,"@785135 We want to help you with Vibration and your iPhone. DM us, and let us know which iPhone you have. We'll look into this. https\://t.co/GDrqU22YpT",Mon Nov 27 03:11:43 +0000 2017,device_performance_issue,False,medium,Evaluation label prepared with assistant-assisted review against the AppleSupport 14-intent taxonomy; escalation reflects whether the issue requires human/account-specific handling.
1784948,536288,@AppleSupport so is another update coming? This 11.0.2 has ruined my phone. I can’t use iTunes/Apple Music AT ALL,@536288 We'd like to help you get back to enjoying music again! Join us in DM with more detail about what happens when you try. https\://t.co/GDrqU22YpT,Wed Oct 11 04:24:45 +0000 2017,app_or_media_issue,False,easy,Evaluation label prepared with assistant-assisted review against the AppleSupport 14-intent taxonomy; escalation reflects whether the issue requires human/account-specific handling.
554747,249479,"@AppleSupport this is the worst bug ever, decided to not update before I go to bed cause I wanted to listen to some podcast (1 am still not affected), woke up to a respringing POS brick... if the charging damages my iPhone X will it be covered?",@249479 Thanks for meeting us in Twitter for help on your device. Can you verify what version of iOS 11 you're currently running on your iPhone X so we may proceed?,Sat Dec 02 18:24:44 +0000 2017,warranty_repair_recycling,True,hard,Evaluation label prepared with assistant-assisted review against the AppleSupport 14-intent taxonomy; escalation reflects whether the issue requires human/account-specific handling.
1547669,479162,@479163 @479164 I️’m not sure but @AppleSupport better fix is ASAP,@479162 We’d like to take a closer look at this issue with you. Let us know your exact iOS version in DM to continue. https\://t.co/GDrqU22YpT,Mon Oct 30 14:12:01 +0000 2017,general_or_unclear,True,hard,Evaluation label prepared with assistant-assisted review against the AppleSupport 14-intent taxonomy; escalation reflects whether the issue requires human/account-specific handling.
2472878,303769,.\@AppleSupport tip: iMessage- bring feature to allow you to pin individual or group chats. Thanks.,"@303769 We always appreciate feedback you can use our feedback link here to tell us more: https\://t.co/eTPVYVFyd8

Just reach out again if you have any other issues and have a good one!",Sun Nov 26 19:02:02 +0000 2017,product_feature_question,False,easy,Evaluation label prepared with assistant-assisted review against the AppleSupport 14-intent taxonomy; escalation reflects whether the issue requires human/account-specific handling.
1412721,448297,@AppleSupport Yes my software is fully up to date,"@448297 Let's make sure your iPhone is backed up and move on to step 7 in this article:

https\://t.co/sXbhzfS2lM",Mon Oct 16 17:18:09 +0000 2017,general_or_unclear,True,medium,Evaluation label prepared with assistant-assisted review against the AppleSupport 14-intent taxonomy; escalation reflects whether the issue requires human/account-specific handling.
1170838,395371,"@AppleSupport Turning off in control centre, then after do not disturb active in car then deactivated when disconnected the WiFi is back same with APM ✈️",@395371 Okay. That is expected in iOS 11. Check this link for details about that feature: https\://t.co/G7BHuQnDS6,Sun Oct 15 21:36:20 +0000 2017,product_feature_question,False,medium,Evaluation label prepared with assistant-assisted review against the AppleSupport 14-intent taxonomy; escalation reflects whether the issue requires human/account-specific handling.
1727714,522467,"@AppleSupport Put in pairing mode and phone can see it wouldnt connect, reset beats x and tried again no difference, reset bluetooth on phone nothing","@522467 Understood. As the Beats pair with your Mac as expected, we'd recommend contacting Samsung for assistance with your device.",Tue Oct 17 21:03:40 +0000 2017,connectivity_issue,False,hard,Evaluation label prepared with assistant-assisted review against the AppleSupport 14-intent taxonomy; escalation reflects whether the issue requires human/account-specific handling.
1521214,472845,@AppleSupport Just on the phone with Apple support for an hour and a half trying to get on the Apple upgrade plan and no luck. Any help?,@472845 We'd like to see what we can do for you. DM us with which country you're in to continue. DM us here: https\://t.co/GDrqU22YpT,Fri Nov 03 15:32:11 +0000 2017,order_sales_issue,True,hard,Evaluation label prepared with assistant-assisted review against the AppleSupport 14-intent taxonomy; escalation reflects whether the issue requires human/account-specific handling.
2014678,595726,@AppleSupport why is it that every time i️ type the letter “i️” it shows the letter “A” and a question mark.,@595726 Thanks for reaching out. We have a workaround for this here: https\://t.co/xXaXeeSRt9 DM us if you still need help. https\://t.co/GDrqU22YpT,Sun Nov 05 16:09:34 +0000 2017,keyboard_input_issue,False,easy,Evaluation label prepared with assistant-assisted review against the AppleSupport 14-intent taxonomy; escalation reflects whether the issue requires human/account-specific handling.
284068,183654,@AppleSupport iOS 11.0.2 iPhone 7,@183654 Thanks. Let's look into that further. Send us a DM and we'll go from there. https\://t.co/GDrqU22YpT,Sat Oct 07 09:23:47 +0000 2017,general_or_unclear,True,medium,Evaluation label prepared with assistant-assisted review against the AppleSupport 14-intent taxonomy; escalation reflects whether the issue requires human/account-specific handling.
2438485,699438,@AppleSupport You know what?! Why I didn’t restart the iphone before tweeting that is beyond me. Seem to be OK now. Thank you!,"@699438 No worries at all. We're glad to know things are working properly. If there is anything we can do to assist you in the future, please don't hesitate to reach back out.",Tue Nov 14 22:32:20 +0000 2017,general_or_unclear,False,easy,Evaluation label prepared with assistant-assisted review against the AppleSupport 14-intent taxonomy; escalation reflects whether the issue requires human/account-specific handling.
491469,232099,@AppleSupport I’m using the 6 Plus right now lol,@232099 What version of iOS are you running? Find that in Settings &gt; General &gt; About.,Sun Dec 03 21:08:22 +0000 2017,general_or_unclear,True,hard,Evaluation label prepared with assistant-assisted review against the AppleSupport 14-intent taxonomy; escalation reflects whether the issue requires human/account-specific handling.
1146069,389747,"@AppleSupport Hello,I'm jp.

I think the control menu is nice,but the keyboard deleted good point “simple design”.So can I back default?","@389747 Thank you for reaching out to us. We've received your DM, so look out for a response there shortly. https\://t.co/GDrqU22YpT",Tue Oct 24 10:26:52 +0000 2017,product_feature_question,False,medium,Evaluation label prepared with assistant-assisted review against the AppleSupport 14-intent taxonomy; escalation reflects whether the issue requires human/account-specific handling.
2455361,703375,"@AppleSupport Hi team, my dad's been bounced back and forth between Apple Store and Support for an iPhone replacement battery issue. He's spent the entire night talking to different departments to no avail. Could you assist?",@703375 Thanks for reaching out to us. We'd be glad to look into this with you. Send us a DM and we'll get started. https\://t.co/GDrqU22YpT,Wed Nov 15 03:17:25 +0000 2017,warranty_repair_recycling,True,hard,Evaluation label prepared with assistant-assisted review against the AppleSupport 14-intent taxonomy; escalation reflects whether the issue requires human/account-specific handling.
1153803,391461,"@AppleSupport I’ve lived in Houston 20+ years, and can get pretty much everywhere on my own, but I still use Maps every single day to get where I’m going. For reassurance. So fix it!",@391461 We know how important it is to have the Maps app working reliably. Please let us know what's going on? We'd love to help.,Tue Oct 24 17:09:20 +0000 2017,app_or_media_issue,False,medium,Evaluation label prepared with assistant-assisted review against the AppleSupport 14-intent taxonomy; escalation reflects whether the issue requires human/account-specific handling.
114520,141461,@AppleSupport @6523 @115817,@141461 We’d like to get you in touch with our Apple Online Store team for further assistance regarding your order. You can reach out to them here: https\://t.co/RmFSlCBcIE,Thu Nov 23 20:52:39 +0000 2017,general_or_unclear,True,hard,Evaluation label prepared with assistant-assisted review against the AppleSupport 14-intent taxonomy; escalation reflects whether the issue requires human/account-specific handling.
1133626,387113,@318 @AppleSupport Hi.. This happens ALL the time! I’m currently playing a podcast yet the last song shows in control center https\://t.co/fC9gTO6jv7,@387113 Let’s see what we can do about your Podcasts issue.  When did this start?  Which exact iOS version are you running?,Sun Oct 15 13:41:19 +0000 2017,app_or_media_issue,False,medium,Evaluation label prepared with assistant-assisted review against the AppleSupport 14-intent taxonomy; escalation reflects whether the issue requires human/account-specific handling.
